Test Case,Modulation,SNR (dB),Semantic Accuracy (%),BER (%),Energy per Semantic Bit,Cosine Similarity,Mutual Information,Compression Ratio
Doppler_AWGN,qpsk,-30.0,99.95,0.05,0.5314663671313438,0.8366804718971252,0.5476280232791728,0.5
Doppler_AWGN,qpsk,-29.9,98.95,1.05,0.5782640964534153,0.664784699678421,0.3584667495923756,0.21600000000000003
Doppler_AWGN,qpsk,-29.799999999999997,99.8,0.2,0.5479731654733985,0.7172727882862091,0.23562759077035333,0.1
Doppler_AWGN,qpsk,-29.699999999999996,97.725,2.275,0.6086898125764942,0.6082108095288277,0.24502243257680012,0.1
Doppler_AWGN,qpsk,-29.599999999999994,96.175,3.8249999999999997,0.6597342582596852,0.6508789956569672,0.2972822101761204,0.1
Doppler_AWGN,qpsk,-29.499999999999993,100.0,0.0,0.5173042541413502,0.6846587657928467,0.2505362516687348,0.1
Doppler_AWGN,qpsk,-29.39999999999999,99.47500000000001,0.525,0.5634898590825999,0.6354845315217972,0.21817737128054626,0.1
Doppler_AWGN,qpsk,-29.29999999999999,99.925,0.075,0.5226310840127611,0.6682523488998413,0.24054869501897622,0.1
Doppler_AWGN,qpsk,-29.19999999999999,96.39999999999999,3.5999999999999996,0.6417651602656357,0.5989522039890289,0.28931549544870555,0.1
Doppler_AWGN,qpsk,-29.099999999999987,93.35,6.65,0.7474956014461857,0.5830827504396439,0.3447045771690126,0.1
Doppler_AWGN,qpsk,-28.999999999999986,99.325,0.675,0.5646313498657497,0.6086166426539421,0.1939651529873827,0.1
Doppler_AWGN,qpsk,-28.899999999999984,99.875,0.125,0.5393655452942696,0.650656521320343,0.23798044465432414,0.1
Doppler_AWGN,qpsk,-28.799999999999983,99.35000000000001,0.65,0.5676588281240367,0.6046096831560135,0.2511317356420323,0.1
Doppler_AWGN,qpsk,-28.69999999999998,98.75,1.25,0.5864931068913354,0.662164032459259,0.23327539018221344,0.1
Doppler_AWGN,qpsk,-28.59999999999998,94.35,5.65,0.7056372805006685,0.603547677397728,0.30628606527122115,0.1
Doppler_AWGN,qpsk,-28.49999999999998,97.89999999999999,2.1,0.5937969049741411,0.739156037569046,0.31263581076450725,0.1
Doppler_AWGN,qpsk,-28.399999999999977,97.875,2.125,0.6313771965298749,0.6709383428096771,0.24379059277148218,0.1
Doppler_AWGN,qpsk,-28.299999999999976,99.97500000000001,0.025,0.5301572965637482,0.696555495262146,0.22795788879906445,0.1
Doppler_AWGN,qpsk,-28.199999999999974,99.725,0.27499999999999997,0.5520977181242255,0.5871221125125885,0.21082879528161672,0.1
Doppler_AWGN,qpsk,-28.099999999999973,100.0,0.0,0.5163282747894762,0.6397401243448257,0.2299797717468584,0.1
Doppler_AWGN,qpsk,-27.99999999999997,99.825,0.17500000000000002,0.5535169639658183,0.6294950991868973,0.24103643234587988,0.1
Doppler_AWGN,qpsk,-27.89999999999997,98.875,1.125,0.5734838875857734,0.6297287493944168,0.1937225411524398,0.1
Doppler_AWGN,qpsk,-27.79999999999997,95.42500000000001,4.575,0.6851826789743126,0.6062837839126587,0.3353243325856059,0.1
Doppler_AWGN,qpsk,-27.699999999999967,99.9,0.1,0.525780279465245,0.6047076880931854,0.19972313674583034,0.1
Doppler_AWGN,qpsk,-27.599999999999966,98.625,1.375,0.588624531715906,0.65024234354496,0.20996568644649505,0.1
Doppler_AWGN,qpsk,-27.499999999999964,98.3,1.7000000000000002,0.5986263886137553,0.651634693145752,0.20370316912358047,0.1
Doppler_AWGN,qpsk,-27.399999999999963,99.875,0.125,0.5447520590991667,0.6121611222624779,0.2257607790379773,0.1
Doppler_AWGN,qpsk,-27.29999999999996,99.3,0.7000000000000001,0.5655803007476439,0.64219169318676,0.26112768495511873,0.1
Doppler_AWGN,qpsk,-27.19999999999996,98.675,1.325,0.5783617498771232,0.5889691635966301,0.2801287059274759,0.1
Doppler_AWGN,qpsk,-27.09999999999996,99.47500000000001,0.525,0.5596027943450314,0.6361022442579269,0.24535065882092358,0.1
Doppler_AWGN,qpsk,-26.999999999999957,99.575,0.42500000000000004,0.5732410045317972,0.5927045047283173,0.2109994734880366,0.1
Doppler_AWGN,qpsk,-26.899999999999956,99.15,0.8500000000000001,0.5571585850961256,0.7044304311275482,0.2570285816153035,0.1
Doppler_AWGN,qpsk,-26.799999999999955,99.925,0.075,0.541476584270091,0.693509578704834,0.2828413167710365,0.1
Doppler_AWGN,qpsk,-26.699999999999953,100.0,0.0,0.5220915643512629,0.658982515335083,0.21487244953115878,0.1
Doppler_AWGN,qpsk,-26.59999999999995,100.0,0.0,0.5125334649220153,0.7036834061145782,0.28051058361430764,0.1
Doppler_AWGN,qpsk,-26.49999999999995,98.725,1.275,0.5870120156892566,0.6052998006343842,0.2763179355356621,0.1
Doppler_AWGN,qpsk,-26.39999999999995,100.0,0.0,0.5106743877617496,0.673360601067543,0.2297246382327846,0.1
Doppler_AWGN,qpsk,-26.299999999999947,99.9,0.1,0.5505729703816449,0.7271385937929153,0.2521049172823198,0.1
Doppler_AWGN,qpsk,-26.199999999999946,99.775,0.22499999999999998,0.5363374731376597,0.6014431416988373,0.22724565752781686,0.1
Doppler_AWGN,qpsk,-26.099999999999945,99.225,0.775,0.5678468908438347,0.6586742550134659,0.30712574105549845,0.1
Doppler_AWGN,qpsk,-25.999999999999943,99.6,0.4,0.5532391205356045,0.633109837770462,0.21000436384342608,0.1
Doppler_AWGN,qpsk,-25.89999999999994,100.0,0.0,0.5169846305765327,0.7518385648727417,0.29963588599788055,0.1
Doppler_AWGN,qpsk,-25.79999999999994,99.725,0.27499999999999997,0.5482725611451826,0.550938818603754,0.20966539572826282,0.1
Doppler_AWGN,qpsk,-25.69999999999994,99.625,0.375,0.548265086218623,0.5806556716561317,0.2068422858253836,0.1
Doppler_AWGN,qpsk,-25.599999999999937,100.0,0.0,0.5245907228162441,0.7024332582950592,0.2764695204841484,0.1
Doppler_AWGN,qpsk,-25.499999999999936,99.97500000000001,0.025,0.5214037154548793,0.6985886245965958,0.24791944618113235,0.1
Doppler_AWGN,qpsk,-25.399999999999935,99.75,0.25,0.5535443599684917,0.5871235728263855,0.2081415281272018,0.1
Doppler_AWGN,qpsk,-25.299999999999933,99.725,0.27499999999999997,0.540058756338917,0.5772107765078545,0.2196601050111762,0.1
Doppler_AWGN,qpsk,-25.199999999999932,100.0,0.0,0.5146247926963557,0.6473377346992493,0.2195215435800116,0.1
Doppler_AWGN,qpsk,-25.09999999999993,99.75,0.25,0.5507714898725564,0.6556782275438309,0.21935904031472503,0.1
Doppler_AWGN,qpsk,-24.99999999999993,100.0,0.0,0.5283164304934184,0.6204213798046112,0.19161265380997028,0.1
Doppler_AWGN,qpsk,-24.899999999999928,99.875,0.125,0.5308923250670952,0.6358089298009872,0.23125773099263217,0.1
Doppler_AWGN,qpsk,-24.799999999999926,100.0,0.0,0.5035000653828201,0.631730854511261,0.20491237592057507,0.1
Doppler_AWGN,qpsk,-24.699999999999925,100.0,0.0,0.5109702516044751,0.6687279343605042,0.26728418077715727,0.1
Doppler_AWGN,qpsk,-24.599999999999923,100.0,0.0,0.5194172385348381,0.6444708406925201,0.22041207782264288,0.1
Doppler_AWGN,qpsk,-24.499999999999922,99.925,0.075,0.5354021871993644,0.6965933591127396,0.2303812341198771,0.1
Doppler_AWGN,qpsk,-24.39999999999992,98.725,1.275,0.5866803952092801,0.6451305150985718,0.2126700428652227,0.1
Doppler_AWGN,qpsk,-24.29999999999992,100.0,0.0,0.5234118581490225,0.6097611263394356,0.19771065379977337,0.1
Doppler_AWGN,qpsk,-24.199999999999918,100.0,0.0,0.5156178764657788,0.5929941087961197,0.17410326511744592,0.1
Doppler_AWGN,qpsk,-24.099999999999916,99.95,0.05,0.5405852753131911,0.5450286902487278,0.18480352796314017,0.1
Doppler_AWGN,qpsk,-23.999999999999915,99.95,0.05,0.5347881710521465,0.6765656024217606,0.2559715253063585,0.1
Doppler_AWGN,qpsk,-23.899999999999913,100.0,0.0,0.5164187293081195,0.6004619672894478,0.24331691936851133,0.1
Doppler_AWGN,qpsk,-23.799999999999912,99.85000000000001,0.15,0.5398176465879438,0.6358666270971298,0.2146922116800649,0.1
Doppler_AWGN,qpsk,-23.69999999999991,100.0,0.0,0.5041919619893844,0.5881387516856194,0.217501077242137,0.1
Doppler_AWGN,qpsk,-23.59999999999991,99.97500000000001,0.025,0.5316943659872138,0.6091956198215485,0.21607240631504904,0.1
Doppler_AWGN,qpsk,-23.499999999999908,99.95,0.05,0.5246591006741397,0.6259530931711197,0.2002926115734447,0.1
Doppler_AWGN,qpsk,-23.399999999999906,100.0,0.0,0.5107344624027119,0.6320579946041107,0.220133737662962,0.1
Doppler_AWGN,qpsk,-23.299999999999905,99.97500000000001,0.025,0.5233656583904479,0.6332062482833862,0.25263639610373484,0.1
Doppler_AWGN,qpsk,-23.199999999999903,100.0,0.0,0.5187284395218285,0.5942110121250153,0.21855030273560014,0.1
Doppler_AWGN,qpsk,-23.099999999999902,100.0,0.0,0.5151464720533219,0.6397699117660522,0.20806411631872562,0.1
Doppler_AWGN,qpsk,-22.9999999999999,100.0,0.0,0.5148211456984411,0.6389704048633575,0.20475162433076521,0.1
Doppler_AWGN,qpsk,-22.8999999999999,100.0,0.0,0.5072705613359256,0.7117544710636139,0.2444264148146497,0.1
Doppler_AWGN,qpsk,-22.799999999999898,100.0,0.0,0.5064138187284584,0.6679873466491699,0.22200333730641975,0.1
Doppler_AWGN,qpsk,-22.699999999999896,99.85000000000001,0.15,0.5326563228040613,0.660923421382904,0.25725415640888605,0.1
Doppler_AWGN,qpsk,-22.599999999999895,99.925,0.075,0.5370907310148376,0.6778831332921982,0.23788292868842162,0.1
Doppler_AWGN,qpsk,-22.499999999999893,100.0,0.0,0.5109264182771135,0.6835886538028717,0.24930133385579173,0.1
Doppler_AWGN,qpsk,-22.399999999999892,99.97500000000001,0.025,0.5291247345424323,0.6395640820264816,0.21748541588685377,0.1
Doppler_AWGN,qpsk,-22.29999999999989,99.95,0.05,0.5354798658628414,0.5668266415596008,0.18650413088604628,0.1
Doppler_AWGN,qpsk,-22.19999999999989,100.0,0.0,0.5112244488685449,0.6033471673727036,0.20970855823334145,0.1
Doppler_AWGN,qpsk,-22.099999999999888,100.0,0.0,0.5216882669055491,0.6704022884368896,0.2269750605697964,0.1
Doppler_AWGN,qpsk,-21.999999999999886,100.0,0.0,0.5076017440172383,0.6021209433674812,0.21692616195883427,0.1
Doppler_AWGN,qpsk,-21.899999999999885,100.0,0.0,0.5094232238616491,0.6136806085705757,0.19821040606955986,0.1
Doppler_AWGN,qpsk,-21.799999999999883,99.97500000000001,0.025,0.5231926544716502,0.5845574513077736,0.20658209021495125,0.1
Doppler_AWGN,qpsk,-21.699999999999882,100.0,0.0,0.5191760095855277,0.7016561925411224,0.2763328382092102,0.1
Doppler_AWGN,qpsk,-21.59999999999988,100.0,0.0,0.5121722054549198,0.7019962668418884,0.29051078777799433,0.1
Doppler_AWGN,qpsk,-21.49999999999988,100.0,0.0,0.5119482981795168,0.6695041805505753,0.2650062216656205,0.1
Doppler_AWGN,qpsk,-21.399999999999878,100.0,0.0,0.511475203301399,0.5826682597398758,0.19184156941327454,0.1
Doppler_AWGN,qpsk,-21.299999999999876,100.0,0.0,0.5265388202119773,0.7078228890895844,0.25033082827182773,0.1
Doppler_AWGN,qpsk,-21.199999999999875,100.0,0.0,0.5052401473956705,0.6188583523035049,0.21948202607088205,0.1
Doppler_AWGN,qpsk,-21.099999999999874,100.0,0.0,0.5023528306351285,0.6212238818407059,0.2252789161527783,0.1
Doppler_AWGN,qpsk,-20.999999999999872,100.0,0.0,0.5058587890119854,0.6361983865499496,0.19161209183295722,0.1
Doppler_AWGN,qpsk,-20.89999999999987,100.0,0.0,0.5236886847383598,0.6148117631673813,0.20530062031715696,0.1
Doppler_AWGN,qpsk,-20.79999999999987,100.0,0.0,0.5006470329287104,0.5908611118793488,0.18695716903117796,0.1
Doppler_AWGN,qpsk,-20.699999999999868,100.0,0.0,0.5049286479502314,0.7417798936367035,0.2674364151309778,0.1
Doppler_AWGN,qpsk,-20.599999999999866,100.0,0.0,0.5065682256547239,0.6825545430183411,0.21088537338245447,0.1
Doppler_AWGN,qpsk,-20.499999999999865,100.0,0.0,0.5015716943303502,0.5985149815678596,0.20224385545935047,0.1
Doppler_AWGN,qpsk,-20.399999999999864,100.0,0.0,0.5076462687154867,0.6327197253704071,0.22666463152557598,0.1
Doppler_AWGN,qpsk,-20.299999999999862,100.0,0.0,0.5022834176797032,0.5714826360344887,0.20293613580478947,0.1
Doppler_AWGN,qpsk,-20.19999999999986,100.0,0.0,0.5047829158419822,0.6346241980791092,0.2762500000277516,0.1
Doppler_AWGN,qpsk,-20.09999999999986,100.0,0.0,0.5018857344486692,0.5734535604715347,0.23444027264499703,0.1
Doppler_AWGN,qpsk,-19.999999999999858,100.0,0.0,0.51007437112855,0.6654503792524338,0.23022668305787433,0.1
Doppler_AWGN,qpsk,-19.899999999999856,100.0,0.0,0.5027482031367919,0.6737191379070282,0.25732196665101337,0.1
Doppler_AWGN,qpsk,-19.799999999999855,100.0,0.0,0.5155908625643728,0.668844074010849,0.25829028986704106,0.1
Doppler_AWGN,qpsk,-19.699999999999854,100.0,0.0,0.5147245078058349,0.6786318421363831,0.27073488877195456,0.1
Doppler_AWGN,qpsk,-19.599999999999852,100.0,0.0,0.5092709484327442,0.6723493039608002,0.261368025760136,0.1
Doppler_AWGN,qpsk,-19.49999999999985,100.0,0.0,0.5023272681618982,0.6306880414485931,0.22307235573436923,0.1
Doppler_AWGN,qpsk,-19.39999999999985,100.0,0.0,0.5055045604224652,0.7011067271232605,0.25426321893421183,0.1
Doppler_AWGN,qpsk,-19.299999999999848,100.0,0.0,0.5049359106029512,0.6687060743570328,0.24790768376584602,0.1
Doppler_AWGN,qpsk,-19.199999999999847,100.0,0.0,0.5043914508868045,0.6548523157835007,0.23116029145432868,0.1
Doppler_AWGN,qpsk,-19.099999999999845,100.0,0.0,0.5049950509034583,0.6834481358528137,0.2528314325938234,0.1
Doppler_AWGN,qpsk,-18.999999999999844,100.0,0.0,0.5075703951324113,0.6837350428104401,0.2656308302296204,0.1
Doppler_AWGN,qpsk,-18.899999999999842,100.0,0.0,0.5013352435786241,0.6122332364320755,0.20002502346504028,0.1
Doppler_AWGN,qpsk,-18.79999999999984,100.0,0.0,0.5074168397476833,0.6637789905071259,0.2550962333773043,0.1
Doppler_AWGN,qpsk,-18.69999999999984,100.0,0.0,0.5057868256615263,0.637977808713913,0.24226105189258965,0.1
Doppler_AWGN,qpsk,-18.599999999999838,100.0,0.0,0.5036996932546498,0.6467594057321548,0.2107309609828136,0.1
Doppler_AWGN,qpsk,-18.499999999999837,100.0,0.0,0.5013864189508398,0.6895403563976288,0.2562743615864891,0.1
Doppler_AWGN,qpsk,-18.399999999999835,100.0,0.0,0.5014981978956795,0.6124889701604843,0.22159526081442124,0.1
Doppler_AWGN,qpsk,-18.299999999999834,100.0,0.0,0.5049053878542593,0.6220220178365707,0.260997777977158,0.1
Doppler_AWGN,qpsk,-18.199999999999832,100.0,0.0,0.5036377897321971,0.6376018077135086,0.19357894567546347,0.1
Doppler_AWGN,qpsk,-18.09999999999983,100.0,0.0,0.501253309041359,0.6294346898794174,0.24708845358823744,0.1
Doppler_AWGN,qpsk,-17.99999999999983,100.0,0.0,0.5022091115455265,0.628586009144783,0.2232147934673737,0.1
Doppler_AWGN,qpsk,-17.899999999999828,100.0,0.0,0.5048542892676543,0.6726502925157547,0.22310870823253642,0.1
Doppler_AWGN,qpsk,-17.799999999999827,100.0,0.0,0.5011733361850932,0.7068556249141693,0.2732138825012755,0.1
Doppler_AWGN,qpsk,-17.699999999999825,100.0,0.0,0.5048761776832061,0.6648785769939423,0.24492725195975254,0.1
Doppler_AWGN,qpsk,-17.599999999999824,100.0,0.0,0.5047377796964775,0.6277525126934052,0.21287319083603917,0.1
Doppler_AWGN,qpsk,-17.499999999999822,100.0,0.0,0.5010156752289285,0.7038181573152542,0.2280530276295343,0.1
Doppler_AWGN,qpsk,-17.39999999999982,100.0,0.0,0.5059973276328017,0.6139621883630753,0.20563000514613075,0.1
Doppler_AWGN,qpsk,-17.29999999999982,100.0,0.0,0.5016126831335431,0.670742005109787,0.23002892725651403,0.1
Doppler_AWGN,qpsk,-17.199999999999818,100.0,0.0,0.501435775210999,0.6988465636968613,0.3006112473975987,0.1
Doppler_AWGN,qpsk,-17.099999999999817,100.0,0.0,0.5018864040328814,0.6567717641592026,0.2584684364849516,0.1
Doppler_AWGN,qpsk,-16.999999999999815,100.0,0.0,0.5062257513156716,0.6178048700094223,0.21743443780445076,0.1
Doppler_AWGN,qpsk,-16.899999999999814,100.0,0.0,0.5055540505248349,0.7366598397493362,0.30545302980194805,0.1
Doppler_AWGN,qpsk,-16.799999999999812,100.0,0.0,0.5062254113851817,0.6380714476108551,0.245881889262407,0.1
Doppler_AWGN,qpsk,-16.69999999999981,100.0,0.0,0.5000192725486711,0.7116259634494781,0.23556919428060266,0.1
Doppler_AWGN,qpsk,-16.59999999999981,100.0,0.0,0.5052110526176026,0.6798325181007385,0.22819209887788725,0.1
Doppler_AWGN,qpsk,-16.499999999999808,100.0,0.0,0.5034790259632206,0.6645339280366898,0.22730659386722668,0.1
Doppler_AWGN,qpsk,-16.399999999999807,100.0,0.0,0.5058741318776008,0.6682234406471252,0.2699782982069082,0.1
Doppler_AWGN,qpsk,-16.299999999999805,100.0,0.0,0.5018179034037306,0.5833536460995674,0.19933571004759992,0.1
Doppler_AWGN,qpsk,-16.199999999999804,100.0,0.0,0.5025507195914458,0.633124515414238,0.20509031842679576,0.1
Doppler_AWGN,qpsk,-16.099999999999802,100.0,0.0,0.5001662663289779,0.6821873784065247,0.21789876046911127,0.1
Doppler_AWGN,qpsk,-15.999999999999801,100.0,0.0,0.5054380218133633,0.6700045764446259,0.23717096884408034,0.1
Doppler_AWGN,qpsk,-15.8999999999998,100.0,0.0,0.5041483778933783,0.6759579181671143,0.24111984909250286,0.1
Doppler_AWGN,qpsk,-15.799999999999798,100.0,0.0,0.5028793021361172,0.6362605392932892,0.2766915460782029,0.1
Doppler_AWGN,qpsk,-15.699999999999797,100.0,0.0,0.503051670574818,0.6861023008823395,0.3374557102558987,0.1
Doppler_AWGN,qpsk,-15.599999999999795,100.0,0.0,0.503272360658434,0.6322628855705261,0.22943845599681928,0.1
Doppler_AWGN,qpsk,-15.499999999999794,100.0,0.0,0.5004775933359447,0.6085140034556389,0.20212944593379212,0.1
Doppler_AWGN,qpsk,-15.399999999999793,100.0,0.0,0.5020289859487803,0.716809868812561,0.2618683757178524,0.1
Doppler_AWGN,qpsk,-15.299999999999791,100.0,0.0,0.500663069538405,0.7125075459480286,0.24585526687204162,0.1
Doppler_AWGN,qpsk,-15.19999999999979,100.0,0.0,0.5028666369614987,0.632210910320282,0.20142085019858746,0.1
Doppler_AWGN,qpsk,-15.099999999999788,100.0,0.0,0.5038645273062669,0.6359301656484604,0.23867171832358616,0.1
Doppler_AWGN,qpsk,-14.999999999999787,100.0,0.0,0.5017311957817382,0.6468757390975952,0.2195872481941241,0.1
Doppler_AWGN,qpsk,-14.899999999999785,100.0,0.0,0.5050472682461027,0.661906823515892,0.2613042717095419,0.1
Doppler_AWGN,qpsk,-14.799999999999784,100.0,0.0,0.5015417882185801,0.6243758499622345,0.2513629305905316,0.1
Doppler_AWGN,qpsk,-14.699999999999783,100.0,0.0,0.501561138115407,0.602077029645443,0.21419646239878148,0.1
Doppler_AWGN,qpsk,-14.599999999999781,100.0,0.0,0.4997274259253386,0.616583950817585,0.2466676489047805,0.1
Doppler_AWGN,qpsk,-14.49999999999978,100.0,0.0,0.5023580009445848,0.6432604193687439,0.18821911670769292,0.1
Doppler_AWGN,qpsk,-14.399999999999778,100.0,0.0,0.5018494976742962,0.6823370158672333,0.2942839785052778,0.1
Doppler_AWGN,qpsk,-14.299999999999777,100.0,0.0,0.5027469592356485,0.6733538061380386,0.2042095396892013,0.1
Doppler_AWGN,qpsk,-14.199999999999775,100.0,0.0,0.5057002157574122,0.6722570657730103,0.23389712504699608,0.1
Doppler_AWGN,qpsk,-14.099999999999774,100.0,0.0,0.5056115156929236,0.6333540230989456,0.24028361517165192,0.1
Doppler_AWGN,qpsk,-13.999999999999773,100.0,0.0,0.5019992143909597,0.6968832612037659,0.28192061373839317,0.1
Doppler_AWGN,qpsk,-13.899999999999771,100.0,0.0,0.502327606879383,0.7172094881534576,0.21640378961331236,0.1
Doppler_AWGN,qpsk,-13.79999999999977,100.0,0.0,0.5069042086726017,0.6327617019414902,0.21483405303213104,0.1
Doppler_AWGN,qpsk,-13.699999999999768,100.0,0.0,0.5060641655514063,0.6608232110738754,0.26816605555214335,0.1
Doppler_AWGN,qpsk,-13.599999999999767,100.0,0.0,0.5012991211989004,0.7138781249523163,0.24551033000431793,0.1
Doppler_AWGN,qpsk,-13.499999999999766,100.0,0.0,0.5013139839747028,0.6703261435031891,0.2138272422311714,0.1
Doppler_AWGN,qpsk,-13.399999999999764,100.0,0.0,0.5022275008326258,0.6197158098220825,0.23672181760286942,0.1
Doppler_AWGN,qpsk,-13.299999999999763,100.0,0.0,0.5007515884170523,0.6114287078380585,0.1798000979776169,0.1
Doppler_AWGN,qpsk,-13.199999999999761,100.0,0.0,0.5016811565103848,0.6380216032266617,0.1952795218883248,0.1
Doppler_AWGN,qpsk,-13.09999999999976,100.0,0.0,0.5020064186188672,0.7144121676683426,0.2591520245277556,0.1
Doppler_AWGN,qpsk,-12.999999999999758,100.0,0.0,0.5006480599218166,0.5577614456415176,0.19813802650899925,0.1
Doppler_AWGN,qpsk,-12.899999999999757,100.0,0.0,0.5000729297016159,0.6159763336181641,0.256577925867242,0.1
Doppler_AWGN,qpsk,-12.799999999999756,100.0,0.0,0.5013488498639004,0.581841379404068,0.20833828059075965,0.1
Doppler_AWGN,qpsk,-12.699999999999754,100.0,0.0,0.501457502050832,0.7622726559638977,0.2862962490652372,0.1
Doppler_AWGN,qpsk,-12.599999999999753,100.0,0.0,0.5002523431368506,0.7518876194953918,0.23317255824376953,0.1
Doppler_AWGN,qpsk,-12.499999999999751,100.0,0.0,0.49983150774247453,0.6321284919977188,0.23117488663894553,0.1
Doppler_AWGN,qpsk,-12.39999999999975,100.0,0.0,0.5015616116635674,0.7215673625469208,0.3289819085275356,0.1
Doppler_AWGN,qpsk,-12.299999999999748,100.0,0.0,0.5010875724910119,0.6800966560840607,0.20591465626081729,0.1
Doppler_AWGN,qpsk,-12.199999999999747,100.0,0.0,0.501394395563039,0.6131535470485687,0.2011467026127094,0.1
Doppler_AWGN,qpsk,-12.099999999999746,100.0,0.0,0.5009889375499036,0.5582192093133926,0.17735993924940396,0.1
Doppler_AWGN,qpsk,-11.999999999999744,100.0,0.0,0.5000433071210217,0.6661218404769897,0.22643450595332154,0.1
Doppler_AWGN,qpsk,-11.899999999999743,100.0,0.0,0.500185214419852,0.6765279322862625,0.22540197457649364,0.1
Doppler_AWGN,qpsk,-11.799999999999741,100.0,0.0,0.5004802065835001,0.6935470998287201,0.25158280427966984,0.1
Doppler_AWGN,qpsk,-11.69999999999974,100.0,0.0,0.5015707646425132,0.6391521692276001,0.2418077271943578,0.1
Doppler_AWGN,qpsk,-11.599999999999739,100.0,0.0,0.5006871503916057,0.6057268381118774,0.21785120995216517,0.1
Doppler_AWGN,qpsk,-11.499999999999737,100.0,0.0,0.5012787523318101,0.7145660668611526,0.2913025528695317,0.1
Doppler_AWGN,qpsk,-11.399999999999736,100.0,0.0,0.5046800812496638,0.654519259929657,0.2170671118747948,0.1
Doppler_AWGN,qpsk,-11.299999999999734,100.0,0.0,0.5014781723357877,0.6018727868795395,0.2014785108414587,0.1
Doppler_AWGN,qpsk,-11.199999999999733,100.0,0.0,0.5011195538434208,0.6189684346318245,0.19316525005212057,0.1
Doppler_AWGN,qpsk,-11.099999999999731,100.0,0.0,0.500152961351008,0.5775262117385864,0.1999442368154607,0.1
Doppler_AWGN,qpsk,-10.99999999999973,100.0,0.0,0.5015246924267686,0.6383184790611267,0.1980870178788276,0.1
Doppler_AWGN,qpsk,-10.899999999999729,100.0,0.0,0.5002324159973387,0.5882792696356773,0.2052878666367265,0.1
Doppler_AWGN,qpsk,-10.799999999999727,100.0,0.0,0.5009546675778541,0.7182500064373016,0.26156611929711837,0.1
Doppler_AWGN,qpsk,-10.699999999999726,100.0,0.0,0.5002754693863481,0.708508163690567,0.2756877291841846,0.1
Doppler_AWGN,qpsk,-10.599999999999724,100.0,0.0,0.5015999928289036,0.598460391163826,0.2110533863800766,0.1
Doppler_AWGN,qpsk,-10.499999999999723,100.0,0.0,0.5003717018852704,0.6749797761440277,0.24149995201696686,0.1
Doppler_AWGN,qpsk,-10.399999999999721,100.0,0.0,0.5007449955817859,0.6967317461967468,0.2698986148317854,0.1
Doppler_AWGN,qpsk,-10.29999999999972,100.0,0.0,0.5002598089236405,0.7136912643909454,0.30419585772257135,0.1
Doppler_AWGN,qpsk,-10.199999999999719,100.0,0.0,0.5009488660582745,0.6242589950561523,0.2497206006962799,0.1
Doppler_AWGN,qpsk,-10.099999999999717,100.0,0.0,0.5004774893663364,0.6254539787769318,0.24207693536200559,0.1
Doppler_AWGN,qpsk,-9.999999999999716,100.0,0.0,0.5026301817332554,0.6697810143232346,0.21678309437123075,0.1
Doppler_AWGN,qpsk,-9.899999999999714,100.0,0.0,0.4999809396591911,0.6507100462913513,0.21724906050100243,0.1
Doppler_AWGN,qpsk,-9.799999999999713,100.0,0.0,0.5013675584482665,0.6785356104373932,0.2469921628021274,0.1
Doppler_AWGN,qpsk,-9.699999999999712,100.0,0.0,0.5017515602053008,0.6393014192581177,0.22990725330411313,0.1
Doppler_AWGN,qpsk,-9.59999999999971,100.0,0.0,0.5003792180814917,0.6667476743459702,0.2438085830513937,0.1
Doppler_AWGN,qpsk,-9.499999999999709,100.0,0.0,0.49902161754120383,0.5506394580006599,0.17155291775804163,0.1
Doppler_AWGN,qpsk,-9.399999999999707,100.0,0.0,0.5008070131129874,0.6829725503921509,0.27389521739165557,0.1
Doppler_AWGN,qpsk,-9.299999999999706,100.0,0.0,0.5001168108754115,0.6522378176450729,0.2088809447517288,0.1
Doppler_AWGN,qpsk,-9.199999999999704,100.0,0.0,0.5010749920089778,0.7160571217536926,0.2811597227332001,0.1
Doppler_AWGN,qpsk,-9.099999999999703,100.0,0.0,0.5019732850075486,0.7087448835372925,0.2484347845700105,0.1
Doppler_AWGN,qpsk,-8.999999999999702,100.0,0.0,0.5013441650084375,0.6852974891662598,0.24360753084025646,0.1
Doppler_AWGN,qpsk,-8.8999999999997,100.0,0.0,0.5036454172196404,0.6333954185247421,0.21648663105309357,0.1
Doppler_AWGN,qpsk,-8.799999999999699,100.0,0.0,0.5004473274431726,0.6971723437309265,0.2741771991789883,0.1
Doppler_AWGN,qpsk,-8.699999999999697,100.0,0.0,0.5030550942821277,0.6453680992126465,0.2319750526499323,0.1
Doppler_AWGN,qpsk,-8.599999999999696,100.0,0.0,0.5011134016094289,0.6667722463607788,0.23216482384387213,0.1
Doppler_AWGN,qpsk,-8.499999999999694,100.0,0.0,0.502874618537261,0.6140159070491791,0.19869211141638116,0.1
Doppler_AWGN,qpsk,-8.399999999999693,100.0,0.0,0.5022228823695438,0.6656547784805298,0.28873886180383446,0.1
Doppler_AWGN,qpsk,-8.299999999999692,100.0,0.0,0.5028940590368781,0.6038451418280602,0.20059141959039836,0.1
Doppler_AWGN,qpsk,-8.19999999999969,100.0,0.0,0.5012393071980551,0.5869830921292305,0.27197974422807253,0.1
Doppler_AWGN,qpsk,-8.099999999999689,100.0,0.0,0.5021463590044223,0.691677451133728,0.24442299659301484,0.1
Doppler_AWGN,qpsk,-7.999999999999687,100.0,0.0,0.5014754204091783,0.7029979377985001,0.2623172455117997,0.1
Doppler_AWGN,qpsk,-7.899999999999686,100.0,0.0,0.5005275329077198,0.6738532334566116,0.23902321211790706,0.1
Doppler_AWGN,qpsk,-7.7999999999996845,100.0,0.0,0.5074680024820599,0.6037710458040237,0.21283359383119974,0.1
Doppler_AWGN,qpsk,-7.699999999999683,100.0,0.0,0.5018306253486085,0.6041006520390511,0.2589938448915792,0.1
Doppler_AWGN,qpsk,-7.599999999999682,100.0,0.0,0.501368102916266,0.6278820782899857,0.2235913415235932,0.1
Doppler_AWGN,qpsk,-7.49999999999968,100.0,0.0,0.5009477193725081,0.6258122026920319,0.23979265217282994,0.1
Doppler_AWGN,qpsk,-7.399999999999679,100.0,0.0,0.5022414415271228,0.6288484632968903,0.21076985791929664,0.1
Doppler_AWGN,qpsk,-7.299999999999677,100.0,0.0,0.5003844584051005,0.659502238035202,0.25308353788077503,0.1
Doppler_AWGN,qpsk,-7.199999999999676,100.0,0.0,0.5011067144266442,0.650186687707901,0.2452938926377261,0.1
Doppler_AWGN,qpsk,-7.099999999999675,100.0,0.0,0.4995979162420717,0.6554704159498215,0.20605593366117136,0.1
Doppler_AWGN,qpsk,-6.999999999999673,100.0,0.0,0.5038411883464892,0.6264646351337433,0.2178225949166869,0.1
Doppler_AWGN,qpsk,-6.899999999999672,100.0,0.0,0.5012157458368627,0.7204158008098602,0.2537457011180644,0.1
Doppler_AWGN,qpsk,-6.79999999999967,100.0,0.0,0.5029506922347907,0.6492803692817688,0.2720899876550883,0.1
Doppler_AWGN,qpsk,-6.699999999999669,100.0,0.0,0.5010152911612114,0.6387739926576614,0.22753387651445905,0.1
Doppler_AWGN,qpsk,-6.5999999999996675,100.0,0.0,0.5017146723616013,0.6413600742816925,0.20915815983834019,0.1
Doppler_AWGN,qpsk,-6.499999999999666,100.0,0.0,0.5002974522468722,0.5836658105254173,0.1975891018022324,0.1
Doppler_AWGN,qpsk,-6.399999999999665,100.0,0.0,0.5051619889462944,0.5876525118947029,0.19890097609391033,0.1
Doppler_AWGN,qpsk,-6.299999999999663,100.0,0.0,0.5042367366544903,0.6386590451002121,0.19149492468317275,0.1
Doppler_AWGN,qpsk,-6.199999999999662,100.0,0.0,0.5004880749808974,0.6863999664783478,0.22011272393123676,0.1
Doppler_AWGN,qpsk,-6.09999999999966,100.0,0.0,0.5027427982594008,0.6380628496408463,0.2505532326581209,0.1
Doppler_AWGN,qpsk,-5.999999999999659,100.0,0.0,0.5027465672880569,0.6683410406112671,0.2430736515913741,0.1
Doppler_AWGN,qpsk,-5.8999999999996575,100.0,0.0,0.5018185657424651,0.6023306921124458,0.2200059115385334,0.1
Doppler_AWGN,qpsk,-5.799999999999656,100.0,0.0,0.5014501025209659,0.6647918820381165,0.2372299721358796,0.1
Doppler_AWGN,qpsk,-5.699999999999655,100.0,0.0,0.4999592678195441,0.7051427662372589,0.28144866072423,0.1
Doppler_AWGN,qpsk,-5.599999999999653,100.0,0.0,0.5040164976114889,0.6772015690803528,0.26096044543591373,0.1
Doppler_AWGN,qpsk,-5.499999999999652,100.0,0.0,0.50185493512406,0.6221742704510689,0.20134530861024563,0.1
Doppler_AWGN,qpsk,-5.39999999999965,100.0,0.0,0.5011975459282659,0.6037748157978058,0.19360403658245912,0.1
Doppler_AWGN,qpsk,-5.299999999999649,100.0,0.0,0.5015316568160754,0.66983363032341,0.19235403228411896,0.1
Doppler_AWGN,qpsk,-5.199999999999648,100.0,0.0,0.5014250939524361,0.7044375836849213,0.27325413677168214,0.1
Doppler_AWGN,qpsk,-5.099999999999646,100.0,0.0,0.5024931933517155,0.6107448861002922,0.22417984075108383,0.1
Doppler_AWGN,qpsk,-4.999999999999645,100.0,0.0,0.5027696170990186,0.7011813968420029,0.25551338229790727,0.1
Doppler_AWGN,qpsk,-4.899999999999643,100.0,0.0,0.4998343368530316,0.6096135079860687,0.21697972811968316,0.1
Doppler_AWGN,qpsk,-4.799999999999642,100.0,0.0,0.5014314737114245,0.6276606619358063,0.18714652998665288,0.1
Doppler_AWGN,qpsk,-4.6999999999996405,100.0,0.0,0.5022312567427516,0.6938018351793289,0.2696869548133432,0.1
Doppler_AWGN,qpsk,-4.599999999999639,100.0,0.0,0.5010956850861517,0.6017917543649673,0.20827290410981217,0.1
Doppler_AWGN,qpsk,-4.499999999999638,100.0,0.0,0.5020611225725445,0.6670092344284058,0.24973424265274624,0.1
Doppler_AWGN,qpsk,-4.399999999999636,100.0,0.0,0.5009468652416256,0.6179431527853012,0.24507308719184534,0.1
Doppler_AWGN,qpsk,-4.299999999999635,100.0,0.0,0.5010705016385386,0.585732027888298,0.2601796930432518,0.1
Doppler_AWGN,qpsk,-4.199999999999633,100.0,0.0,0.5003036378742118,0.6631085723638535,0.2452327692361161,0.1
Doppler_AWGN,qpsk,-4.099999999999632,100.0,0.0,0.5007871913964661,0.6965555995702744,0.24321208252604748,0.1
Doppler_AWGN,qpsk,-3.9999999999996305,100.0,0.0,0.5007931523371929,0.6503193229436874,0.22150377486378067,0.1
Doppler_AWGN,qpsk,-3.899999999999629,100.0,0.0,0.501095036489793,0.7247270345687866,0.2564307281501281,0.1
Doppler_AWGN,qpsk,-3.7999999999996277,100.0,0.0,0.5004878609871767,0.6757985055446625,0.2189774371947939,0.1
Doppler_AWGN,qpsk,-3.6999999999996263,100.0,0.0,0.5007666713623427,0.7387709319591522,0.32439095022068165,0.1
Doppler_AWGN,qpsk,-3.599999999999625,100.0,0.0,0.5006698053108788,0.6700452268123627,0.2633164285688934,0.1
Doppler_AWGN,qpsk,-3.4999999999996234,100.0,0.0,0.5002727956304784,0.6313895583152771,0.21016558151634127,0.1
Doppler_AWGN,qpsk,-3.399999999999622,100.0,0.0,0.5004196822337917,0.6326289623975754,0.23632546136481267,0.1
Doppler_AWGN,qpsk,-3.2999999999996206,100.0,0.0,0.5025958747040848,0.6543952524662018,0.21066817592987974,0.1
Doppler_AWGN,qpsk,-3.199999999999619,100.0,0.0,0.4994134658837172,0.5910454094409943,0.22049652434297265,0.1
Doppler_AWGN,qpsk,-3.0999999999996177,100.0,0.0,0.4992014471571587,0.6635330617427826,0.25963617069107164,0.1
Doppler_AWGN,qpsk,-2.9999999999996163,100.0,0.0,0.5007048919174685,0.6130733266472816,0.22032965639423258,0.1
Doppler_AWGN,qpsk,-2.899999999999615,100.0,0.0,0.5011170569443124,0.6684905737638474,0.2593459964966053,0.1
Doppler_AWGN,qpsk,-2.7999999999996135,100.0,0.0,0.5014433069732761,0.6430316269397736,0.24447670785147063,0.1
Doppler_AWGN,qpsk,-2.699999999999612,100.0,0.0,0.5004035758165524,0.6343875825405121,0.2199705665181362,0.1
Doppler_AWGN,qpsk,-2.5999999999996106,100.0,0.0,0.5004023571507134,0.6716480404138565,0.2767072595239309,0.1
Doppler_AWGN,qpsk,-2.499999999999609,100.0,0.0,0.5006936796326231,0.6691968142986298,0.22431107871159975,0.1
Doppler_AWGN,qpsk,-2.399999999999608,100.0,0.0,0.5001205520754788,0.7167752981185913,0.24078652520038804,0.1
Doppler_AWGN,qpsk,-2.2999999999996064,100.0,0.0,0.5005577780034521,0.6355526149272919,0.21716209688565105,0.1
Doppler_AWGN,qpsk,-2.199999999999605,100.0,0.0,0.5029323298025133,0.6576610505580902,0.2261668729410186,0.1
Doppler_AWGN,qpsk,-2.0999999999996035,100.0,0.0,0.5007637402221675,0.6145697608590126,0.22153050296667545,0.1
Doppler_AWGN,qpsk,-1.999999999999602,100.0,0.0,0.5000720258483783,0.6878288090229034,0.270375037423158,0.1
Doppler_AWGN,qpsk,-1.8999999999996007,100.0,0.0,0.5012546142902032,0.6306367516517639,0.19903657380319897,0.1
Doppler_AWGN,qpsk,-1.7999999999995993,100.0,0.0,0.500929557938578,0.6823667883872986,0.27761401106920625,0.1
Doppler_AWGN,qpsk,-1.6999999999995978,100.0,0.0,0.5007693617404708,0.6416814178228378,0.26517884951747367,0.1
Doppler_AWGN,qpsk,-1.5999999999995964,100.0,0.0,0.5006052418615691,0.6730483770370483,0.25455666692655143,0.1
Doppler_AWGN,qpsk,-1.499999999999595,100.0,0.0,0.5002461903550758,0.6502267271280289,0.22151051964169796,0.1
Doppler_AWGN,qpsk,-1.3999999999995936,100.0,0.0,0.5000677741608855,0.6492870002985001,0.23079594116263344,0.1
Doppler_AWGN,qpsk,-1.2999999999995921,100.0,0.0,0.5009338603030271,0.6848507523536682,0.27962068483939206,0.1
Doppler_AWGN,qpsk,-1.1999999999995907,100.0,0.0,0.5000888397739781,0.6444364935159683,0.22675994196683233,0.1
Doppler_AWGN,qpsk,-1.0999999999995893,100.0,0.0,0.5001266287324698,0.6650878340005875,0.23830124778565945,0.1
Doppler_AWGN,qpsk,-0.9999999999995879,100.0,0.0,0.5003465938339482,0.7213215231895447,0.23832549306847192,0.1
Doppler_AWGN,qpsk,-0.8999999999995865,100.0,0.0,0.5002619448155255,0.5826454907655716,0.19547420758336476,0.1
Doppler_AWGN,qpsk,-0.799999999999585,100.0,0.0,0.5010249088535811,0.5959291905164719,0.20992015612164736,0.1
Doppler_AWGN,qpsk,-0.6999999999995836,100.0,0.0,0.500386732124478,0.6337860673666,0.2119445515639081,0.1
Doppler_AWGN,qpsk,-0.5999999999995822,100.0,0.0,0.5005414873913026,0.6894709467887878,0.2582755685313335,0.1
Doppler_AWGN,qpsk,-0.4999999999995808,100.0,0.0,0.5004339636211773,0.6954525411128998,0.23954416157004216,0.1
Doppler_AWGN,qpsk,-0.39999999999957936,100.0,0.0,0.5002966819526924,0.660493791103363,0.24666253067040736,0.1
Doppler_AWGN,qpsk,-0.29999999999957794,100.0,0.0,0.49975099863952155,0.6310997307300568,0.21138321808219854,0.1
Doppler_AWGN,qpsk,-0.19999999999957652,100.0,0.0,0.501004927258529,0.6828866600990295,0.2505785975157995,0.1
Doppler_AWGN,qpsk,-0.0999999999995751,100.0,0.0,0.4994961864908216,0.6425465792417526,0.1900763298675781,0.1
Doppler_AWGN,qpsk,4.263256414560601e-13,100.0,0.0,0.5005358819294651,0.642317533493042,0.20525496994835554,0.1
Doppler_AWGN,qpsk,0.10000000000042775,100.0,0.0,0.5006166243249237,0.6063924059271812,0.2221751298533705,0.1
Doppler_AWGN,qpsk,0.20000000000042917,100.0,0.0,0.5006122670249259,0.5997684672474861,0.2152700488966023,0.1
Doppler_AWGN,qpsk,0.3000000000004306,100.0,0.0,0.5013891741062974,0.5795741528272629,0.20921788608627184,0.1
Doppler_AWGN,qpsk,0.400000000000432,100.0,0.0,0.5003827427881992,0.6846082508563995,0.23241261759694504,0.1
Doppler_AWGN,qpsk,0.5000000000004334,100.0,0.0,0.5001045097961688,0.7086995542049408,0.231947199627299,0.1
Doppler_AWGN,qpsk,0.6000000000004349,100.0,0.0,0.4999945354986353,0.6529224365949631,0.20277315317674122,0.1
Doppler_AWGN,qpsk,0.7000000000004363,100.0,0.0,0.5021208405524125,0.6553627103567123,0.2423224923388024,0.1
Doppler_AWGN,qpsk,0.8000000000004377,100.0,0.0,0.5016138051815198,0.6548664271831512,0.22036244350275913,0.1
Doppler_AWGN,qpsk,0.9000000000004391,100.0,0.0,0.5005913014696721,0.7171343863010406,0.3617492003102084,0.1
Doppler_AWGN,qpsk,1.0000000000004405,100.0,0.0,0.5000166424498597,0.661183312535286,0.22257193912804873,0.1
Doppler_AWGN,qpsk,1.100000000000442,100.0,0.0,0.5002815547627145,0.6310514807701111,0.2034327461173819,0.1
Doppler_AWGN,qpsk,1.2000000000004434,100.0,0.0,0.4995520115409856,0.7104365080595016,0.28238864110347567,0.1
Doppler_AWGN,qpsk,1.3000000000004448,100.0,0.0,0.5002702029466752,0.6639859676361084,0.25241957582061647,0.1
Doppler_AWGN,qpsk,1.4000000000004462,100.0,0.0,0.5001999914807053,0.5916418135166168,0.2035708889373833,0.1
Doppler_AWGN,qpsk,1.5000000000004476,100.0,0.0,0.4995684964410102,0.6423148512840271,0.22076713818691054,0.1
Doppler_AWGN,qpsk,1.600000000000449,100.0,0.0,0.49997018941398585,0.5688772425055504,0.20525572557933072,0.1
Doppler_AWGN,qpsk,1.7000000000004505,100.0,0.0,0.5005892981336438,0.6021465957164764,0.19524044445453687,0.1
Doppler_AWGN,qpsk,1.800000000000452,100.0,0.0,0.4998075676361995,0.5778859406709671,0.18282845617672416,0.1
Doppler_AWGN,qpsk,1.9000000000004533,100.0,0.0,0.5000868255724863,0.6246729344129562,0.19966125470733617,0.1
Doppler_AWGN,qpsk,2.0000000000004547,100.0,0.0,0.5004699918041025,0.635991632938385,0.20719281284359178,0.1
Doppler_AWGN,qpsk,2.100000000000456,100.0,0.0,0.5005307939187329,0.6843425184488297,0.25002377008653764,0.1
Doppler_AWGN,qpsk,2.2000000000004576,100.0,0.0,0.5002371550812937,0.674461230635643,0.2591324884287525,0.1
Doppler_AWGN,qpsk,2.300000000000459,100.0,0.0,0.49997999026207,0.5935365855693817,0.19011809426372003,0.1
Doppler_AWGN,qpsk,2.4000000000004604,100.0,0.0,0.5002912978726709,0.6823754906654358,0.2514107679759301,0.1
Doppler_AWGN,qpsk,2.500000000000462,100.0,0.0,0.5014033278431064,0.7319293320178986,0.21715363759018,0.1
Doppler_AWGN,qpsk,2.6000000000004633,100.0,0.0,0.5005219620631809,0.5645260736346245,0.1747542713783166,0.1
Doppler_AWGN,qpsk,2.7000000000004647,100.0,0.0,0.4996633875642975,0.6239718645811081,0.2318846825152203,0.1
Doppler_AWGN,qpsk,2.800000000000466,100.0,0.0,0.500272360720253,0.6792039722204208,0.22198312596725997,0.1
Doppler_AWGN,qpsk,2.9000000000004675,100.0,0.0,0.4999482259118928,0.6373835802078247,0.18494323821527822,0.1
Doppler_AWGN,qpsk,3.000000000000469,100.0,0.0,0.5004242582207183,0.6403456330299377,0.22799054182213574,0.1
Doppler_AWGN,qpsk,3.1000000000004704,100.0,0.0,0.5001329732291031,0.6705355942249298,0.24250416552840415,0.1
Doppler_AWGN,qpsk,3.200000000000472,100.0,0.0,0.5003234090835025,0.6886923909187317,0.2596564716149142,0.1
Doppler_AWGN,qpsk,3.300000000000473,100.0,0.0,0.4998312478176812,0.8013905584812164,0.2660969152118246,0.1
Doppler_AWGN,qpsk,3.4000000000004746,100.0,0.0,0.4999906451912173,0.6594883501529694,0.2130299017261028,0.1
Doppler_AWGN,qpsk,3.500000000000476,100.0,0.0,0.5002122329716714,0.6006718501448631,0.21051491666981326,0.1
Doppler_AWGN,qpsk,3.6000000000004775,100.0,0.0,0.5001336741080649,0.6916342675685883,0.2645952078724137,0.1
Doppler_AWGN,qpsk,3.700000000000479,100.0,0.0,0.500469563504631,0.6639514714479446,0.25120141513556943,0.1
Doppler_AWGN,qpsk,3.8000000000004803,100.0,0.0,0.5005668643758936,0.633365660905838,0.2283503425943253,0.1
Doppler_AWGN,qpsk,3.9000000000004817,100.0,0.0,0.4999416531595328,0.7184881269931793,0.277047244517922,0.1
Doppler_AWGN,qpsk,4.000000000000483,100.0,0.0,0.5000575358965474,0.6270527243614197,0.23937109582686483,0.1
Doppler_AWGN,qpsk,4.100000000000485,100.0,0.0,0.500424417973982,0.6257714182138443,0.24785239300612652,0.1
Doppler_AWGN,qpsk,4.200000000000486,100.0,0.0,0.4998598060546393,0.6770775467157364,0.23725927334688607,0.1
Doppler_AWGN,qpsk,4.300000000000487,100.0,0.0,0.5000005814145942,0.5983744487166405,0.22301890623359616,0.1
Doppler_AWGN,qpsk,4.400000000000489,100.0,0.0,0.5006038230567318,0.6076398193836212,0.2014530495275916,0.1
Doppler_AWGN,qpsk,4.50000000000049,100.0,0.0,0.5003753285119751,0.6896148324012756,0.27637579453350897,0.1
Doppler_AWGN,qpsk,4.600000000000492,100.0,0.0,0.5003330703117597,0.6501539647579193,0.23671354397840627,0.1
Doppler_AWGN,qpsk,4.700000000000493,100.0,0.0,0.5002360767934285,0.5920779854059219,0.22519334966355667,0.1
Doppler_AWGN,qpsk,4.8000000000004945,100.0,0.0,0.5001577680388317,0.619108572602272,0.20422243162441697,0.1
Doppler_AWGN,qpsk,4.900000000000496,100.0,0.0,0.49994489555600735,0.6003967896103859,0.19322748286291733,0.1
Doppler_AWGN,qpsk,5.000000000000497,100.0,0.0,0.49980146578869017,0.5836562216281891,0.229909660095941,0.1
Doppler_AWGN,qpsk,5.100000000000499,100.0,0.0,0.4999154881888395,0.6517684012651443,0.23383324301726938,0.1
Doppler_AWGN,qpsk,5.2000000000005,100.0,0.0,0.500230724781599,0.7021232545375824,0.2776471924453983,0.1
Doppler_AWGN,qpsk,5.300000000000502,100.0,0.0,0.5006145619287671,0.5879079252481461,0.2175034176989158,0.1
Doppler_AWGN,qpsk,5.400000000000503,100.0,0.0,0.5004404289783705,0.6757865846157074,0.23079394307883402,0.1
Doppler_AWGN,qpsk,5.5000000000005045,100.0,0.0,0.5000073053608346,0.5984044820070267,0.22334198156595428,0.1
Doppler_AWGN,qpsk,5.600000000000506,100.0,0.0,0.4999448479833937,0.6769057214260101,0.2232187029399199,0.1
Doppler_AWGN,qpsk,5.700000000000507,100.0,0.0,0.5001234577917113,0.5884469747543335,0.20224893107832906,0.1
Doppler_AWGN,qpsk,5.800000000000509,100.0,0.0,0.5003261440172146,0.6802933812141418,0.26558815228606736,0.1
Doppler_AWGN,qpsk,5.90000000000051,100.0,0.0,0.500049263948934,0.6624855846166611,0.2500327239325731,0.1
Doppler_AWGN,qpsk,6.000000000000512,100.0,0.0,0.5000028347661967,0.7383805513381958,0.29445703537194645,0.1
Doppler_AWGN,qpsk,6.100000000000513,100.0,0.0,0.5000844877442742,0.6328988969326019,0.2129818657574292,0.1
Doppler_AWGN,qpsk,6.200000000000514,100.0,0.0,0.5010082398883682,0.6307234764099121,0.22727562812626179,0.1
Doppler_AWGN,qpsk,6.300000000000516,100.0,0.0,0.4999506287556477,0.6174910813570023,0.21611639196167615,0.1
Doppler_AWGN,qpsk,6.400000000000517,100.0,0.0,0.5000735902848582,0.5771881863474846,0.17617958498280115,0.1
Doppler_AWGN,qpsk,6.500000000000519,100.0,0.0,0.49998407152459334,0.61310113966465,0.21505376361701256,0.1
Doppler_AWGN,qpsk,6.60000000000052,100.0,0.0,0.4999926806610731,0.6490222662687302,0.2319164758869163,0.1
Doppler_AWGN,qpsk,6.7000000000005215,100.0,0.0,0.5005877676170629,0.6635549068450928,0.27183655303439114,0.1
Doppler_AWGN,qpsk,6.800000000000523,100.0,0.0,0.5001114116019778,0.6637739390134811,0.27577497380957144,0.1
Doppler_AWGN,qpsk,6.900000000000524,100.0,0.0,0.4998428002522734,0.6668557077646255,0.3033060941012025,0.1
Doppler_AWGN,qpsk,7.000000000000526,100.0,0.0,0.49972483332465845,0.6121985092759132,0.2423848799205466,0.1
Doppler_AWGN,qpsk,7.100000000000527,100.0,0.0,0.5002567888295039,0.6814597100019455,0.253398154745686,0.1
Doppler_AWGN,qpsk,7.200000000000529,100.0,0.0,0.5000772113886846,0.6911486685276031,0.2689284783976193,0.1
Doppler_AWGN,qpsk,7.30000000000053,100.0,0.0,0.49966111891928183,0.5773281827569008,0.18918066707354927,0.1
Doppler_AWGN,qpsk,7.4000000000005315,100.0,0.0,0.5001899111274447,0.6556684374809265,0.22777429795909943,0.1
Doppler_AWGN,qpsk,7.500000000000533,100.0,0.0,0.5000608077500119,0.622471809387207,0.20165328373836186,0.1
Doppler_AWGN,qpsk,7.600000000000534,100.0,0.0,0.4999639152048882,0.6651338934898376,0.21431444026519142,0.1
Doppler_AWGN,qpsk,7.700000000000536,100.0,0.0,0.49983388846837806,0.5848435908555984,0.19014129818132078,0.1
Doppler_AWGN,qpsk,7.800000000000537,100.0,0.0,0.5002086031567237,0.6583230346441269,0.21122405858061796,0.1
Doppler_AWGN,qpsk,7.900000000000539,100.0,0.0,0.5000127700654685,0.6810604333877563,0.24148332299142874,0.1
Doppler_AWGN,qpsk,8.00000000000054,100.0,0.0,0.5000988535931159,0.7007758617401123,0.23258895586658068,0.1
Doppler_AWGN,qpsk,8.100000000000541,100.0,0.0,0.5001466800700584,0.6745183616876602,0.23560704924100384,0.1
Doppler_AWGN,qpsk,8.200000000000543,100.0,0.0,0.49995392715134573,0.5893254578113556,0.18389925425598408,0.1
Doppler_AWGN,qpsk,8.300000000000544,100.0,0.0,0.49988056693749,0.6070187985897064,0.21615870552008243,0.1
Doppler_AWGN,qpsk,8.400000000000546,100.0,0.0,0.5001436643630026,0.624748207628727,0.24395035269056212,0.1
Doppler_AWGN,qpsk,8.500000000000547,100.0,0.0,0.499889357222283,0.6824879199266434,0.22480520995887307,0.1
Doppler_AWGN,qpsk,8.600000000000549,100.0,0.0,0.49985183560100155,0.6984696090221405,0.23233536145949515,0.1
Doppler_AWGN,qpsk,8.70000000000055,100.0,0.0,0.5001443483467011,0.6179063767194748,0.22616236516915283,0.1
Doppler_AWGN,qpsk,8.800000000000551,100.0,0.0,0.5000306547550563,0.6799875199794769,0.267638477078407,0.1
Doppler_AWGN,qpsk,8.900000000000553,100.0,0.0,0.5000101795898275,0.581242024898529,0.1763199207193803,0.1
Doppler_AWGN,qpsk,9.000000000000554,100.0,0.0,0.49989103828613257,0.5977417677640915,0.19981966059152342,0.1
Doppler_AWGN,qpsk,9.100000000000556,100.0,0.0,0.49994528390299287,0.5945030301809311,0.1898609595321362,0.1
Doppler_AWGN,qpsk,9.200000000000557,100.0,0.0,0.49994362858711067,0.6510571986436844,0.22722479667711526,0.1
Doppler_AWGN,qpsk,9.300000000000558,100.0,0.0,0.5001943407177114,0.5799156129360199,0.19272718794300883,0.1
Doppler_AWGN,qpsk,9.40000000000056,100.0,0.0,0.5002589079096046,0.632956862449646,0.22393656991085653,0.1
Doppler_AWGN,qpsk,9.500000000000561,100.0,0.0,0.4999901642537405,0.6585356146097183,0.2156250239516644,0.1
Doppler_AWGN,qpsk,9.600000000000563,100.0,0.0,0.500247672654178,0.6325722932815552,0.20698930170675645,0.1
Doppler_AWGN,qpsk,9.700000000000564,100.0,0.0,0.5002698902645799,0.6401722431182861,0.21634984749968625,0.1
Doppler_AWGN,qpsk,9.800000000000566,100.0,0.0,0.49996743171401625,0.6450689733028412,0.23559683186698901,0.1
Doppler_AWGN,qpsk,9.900000000000567,100.0,0.0,0.5000247155640604,0.5890200436115265,0.20838829108499496,0.1
Doppler_AWGN,qpsk,10.000000000000568,100.0,0.0,0.5000729809068675,0.6833347976207733,0.23519290009408286,0.1
Doppler_AWGN,qpsk,10.10000000000057,100.0,0.0,0.5001923773488407,0.6790846288204193,0.25127524223762,0.1
Doppler_AWGN,qpsk,10.200000000000571,100.0,0.0,0.5001345017288269,0.5406618788838387,0.21450927164553016,0.1
Doppler_AWGN,qpsk,10.300000000000573,100.0,0.0,0.5000263489603551,0.7091211676597595,0.24831582392389617,0.1
Doppler_AWGN,qpsk,10.400000000000574,100.0,0.0,0.5001408411197077,0.7310000658035278,0.2558256561044843,0.1
Doppler_AWGN,qpsk,10.500000000000576,100.0,0.0,0.4999834450603715,0.6078593879938126,0.21585530287955731,0.1
Doppler_AWGN,qpsk,10.600000000000577,100.0,0.0,0.5000093663636889,0.6023666709661484,0.21058044837629164,0.1
Doppler_AWGN,qpsk,10.700000000000578,100.0,0.0,0.49996302938312775,0.6458604633808136,0.2575254093557016,0.1
Doppler_AWGN,qpsk,10.80000000000058,100.0,0.0,0.49984085810924195,0.6048994660377502,0.18160325015072026,0.1
Doppler_AWGN,qpsk,10.900000000000581,100.0,0.0,0.5000282493979,0.6378969848155975,0.17501541310548593,0.1
Doppler_AWGN,qpsk,11.000000000000583,100.0,0.0,0.5000202994238885,0.6607238799333572,0.23076456311440507,0.1
Doppler_AWGN,qpsk,11.100000000000584,100.0,0.0,0.5000194802130813,0.6460826992988586,0.2649243925089689,0.1
Doppler_AWGN,qpsk,11.200000000000585,100.0,0.0,0.5001453704602905,0.6352719366550446,0.19669157886825003,0.1
Doppler_AWGN,qpsk,11.300000000000587,100.0,0.0,0.5000757869849297,0.6477330774068832,0.2472652928433817,0.1
Doppler_AWGN,qpsk,11.400000000000588,100.0,0.0,0.49987130507521776,0.6168219521641731,0.20667174682916603,0.1
Doppler_AWGN,qpsk,11.50000000000059,100.0,0.0,0.49999403980847307,0.6667293161153793,0.23791819041160092,0.1
Doppler_AWGN,qpsk,11.600000000000591,100.0,0.0,0.5000055479285299,0.7066713869571686,0.2662459503727519,0.1
Doppler_AWGN,qpsk,11.700000000000593,100.0,0.0,0.4998490552400614,0.579662024974823,0.24416121580995773,0.1
Doppler_AWGN,qpsk,11.800000000000594,100.0,0.0,0.4997725901055529,0.6869181990623474,0.22014997699267103,0.1
Doppler_AWGN,qpsk,11.900000000000595,100.0,0.0,0.5000448153094339,0.6605494022369385,0.21780614395506617,0.1
Doppler_AWGN,qpsk,12.000000000000597,100.0,0.0,0.5000147391968285,0.704979419708252,0.22848712001794239,0.1
Doppler_AWGN,qpsk,12.100000000000598,100.0,0.0,0.5002121121250881,0.600699208676815,0.1975586811622087,0.1
Doppler_AWGN,qpsk,12.2000000000006,100.0,0.0,0.5000457007604605,0.6550485789775848,0.22606742676937921,0.1
Doppler_AWGN,qpsk,12.300000000000601,100.0,0.0,0.5000633075340554,0.6347208321094513,0.23172627887029976,0.1
Doppler_AWGN,qpsk,12.400000000000603,100.0,0.0,0.5000822962386937,0.7298852801322937,0.26358457739191404,0.1
Doppler_AWGN,qpsk,12.500000000000604,100.0,0.0,0.500070860628441,0.6507478356361389,0.24197143896303486,0.1
Doppler_AWGN,qpsk,12.600000000000605,100.0,0.0,0.5000461977617452,0.5861766934394836,0.18742650063436572,0.1
Doppler_AWGN,qpsk,12.700000000000607,100.0,0.0,0.5000837874425964,0.6116421073675156,0.22539583806883687,0.1
Doppler_AWGN,qpsk,12.800000000000608,100.0,0.0,0.5000648649543585,0.5520790182054043,0.20582938783534108,0.1
Doppler_AWGN,qpsk,12.90000000000061,100.0,0.0,0.49993669471757396,0.6618898212909698,0.23679941192820114,0.1
Doppler_AWGN,qpsk,13.000000000000611,100.0,0.0,0.4999801606190928,0.714196115732193,0.3116559298744985,0.1
Doppler_AWGN,qpsk,13.100000000000612,100.0,0.0,0.5000813036306686,0.6296381056308746,0.2179611470990962,0.1
Doppler_AWGN,qpsk,13.200000000000614,100.0,0.0,0.49985036868510485,0.6718199998140335,0.2743825762657896,0.1
Doppler_AWGN,qpsk,13.300000000000615,100.0,0.0,0.5000666979783766,0.7056240439414978,0.29331884612464093,0.1
Doppler_AWGN,qpsk,13.400000000000617,100.0,0.0,0.5000030322785554,0.6692265868186951,0.20838486686738375,0.1
Doppler_AWGN,qpsk,13.500000000000618,100.0,0.0,0.4999728115444318,0.6282521188259125,0.22019387073683372,0.1
Doppler_AWGN,qpsk,13.60000000000062,100.0,0.0,0.4999822395002102,0.6800674498081207,0.2402548660488203,0.1
Doppler_AWGN,qpsk,13.700000000000621,100.0,0.0,0.5002072518523332,0.6419043689966202,0.20930043731714434,0.1
Doppler_AWGN,qpsk,13.800000000000622,100.0,0.0,0.499934947259104,0.6969519853591919,0.25350400397630485,0.1
Doppler_AWGN,qpsk,13.900000000000624,100.0,0.0,0.49989905489941683,0.6691092401742935,0.21039375098943477,0.1
Doppler_AWGN,qpsk,14.000000000000625,100.0,0.0,0.5000539425141127,0.6316803395748138,0.25596705307837647,0.1
Doppler_AWGN,qpsk,14.100000000000627,100.0,0.0,0.4999228149782995,0.7174346297979355,0.249114046761107,0.1
Doppler_AWGN,qpsk,14.200000000000628,100.0,0.0,0.49994518706721625,0.63935986161232,0.20412372222840997,0.1
Doppler_AWGN,qpsk,14.30000000000063,100.0,0.0,0.4998225692483265,0.6033498644828796,0.25703378629000173,0.1
Doppler_AWGN,qpsk,14.400000000000631,100.0,0.0,0.49996338689289727,0.6691057980060577,0.2160903154983581,0.1
Doppler_AWGN,qpsk,14.500000000000632,100.0,0.0,0.5000891583250832,0.6873407363891602,0.24074439978780782,0.1
Doppler_AWGN,qpsk,14.600000000000634,100.0,0.0,0.500010801296244,0.6366313099861145,0.24032109310554167,0.1
Doppler_AWGN,qpsk,14.700000000000635,100.0,0.0,0.5002090687239215,0.6596587300300598,0.25564533893464936,0.1
Doppler_AWGN,qpsk,14.800000000000637,100.0,0.0,0.49993579664904275,0.6539903432130814,0.209966676532738,0.1
Doppler_AWGN,qpsk,14.900000000000638,100.0,0.0,0.5000316783575772,0.7006223499774933,0.2687613584844336,0.1
Doppler_AWGN,qpsk,15.00000000000064,100.0,0.0,0.49984961576210357,0.6005910038948059,0.17123631582501542,0.1
Doppler_AWGN,qpsk,15.100000000000641,100.0,0.0,0.49996022456788686,0.6137154698371887,0.1885031066775794,0.1
Doppler_AWGN,qpsk,15.200000000000642,100.0,0.0,0.4999793462835822,0.6791878342628479,0.23400307809169035,0.1
Doppler_AWGN,qpsk,15.300000000000644,100.0,0.0,0.5000563879013299,0.6056542098522186,0.23841025724620013,0.1
Doppler_AWGN,qpsk,15.400000000000645,100.0,0.0,0.4999613198525267,0.6123706698417664,0.20975795991922394,0.1
Doppler_AWGN,qpsk,15.500000000000647,100.0,0.0,0.49997411664657654,0.6825407445430756,0.19143347000622712,0.1
Doppler_AWGN,qpsk,15.600000000000648,100.0,0.0,0.4999930266431484,0.693553239107132,0.26109252663140403,0.1
Doppler_AWGN,qpsk,15.70000000000065,100.0,0.0,0.49997739822616394,0.6704338192939758,0.2626075776928395,0.1
Doppler_AWGN,qpsk,15.80000000000065,100.0,0.0,0.49991849729812027,0.620076097548008,0.1796613432338023,0.1
Doppler_AWGN,qpsk,15.900000000000652,100.0,0.0,0.5000068787178792,0.6782835721969604,0.23662822916580492,0.1
Doppler_AWGN,qpsk,16.000000000000654,100.0,0.0,0.49993880214734365,0.6359041184186935,0.1893243734795509,0.1
Doppler_AWGN,qpsk,16.100000000000655,100.0,0.0,0.5000665200117115,0.6660082042217255,0.22379024358196326,0.1
Doppler_AWGN,qpsk,16.200000000000657,100.0,0.0,0.5000281091056342,0.6676796823740005,0.24006551416893843,0.1
Doppler_AWGN,qpsk,16.300000000000658,100.0,0.0,0.500140646857844,0.5750804767012596,0.21643954444506666,0.1
Doppler_AWGN,qpsk,16.40000000000066,100.0,0.0,0.5000106186037122,0.645236998796463,0.19625020790463835,0.1
Doppler_AWGN,qpsk,16.50000000000066,100.0,0.0,0.4999920697573458,0.6702978760004044,0.25313790787815316,0.1
Doppler_AWGN,qpsk,16.600000000000662,100.0,0.0,0.4998769315750884,0.7198404967784882,0.2851194762311506,0.1
Doppler_AWGN,qpsk,16.700000000000664,100.0,0.0,0.5000329425891844,0.6385109126567841,0.22790095423792966,0.1
Doppler_AWGN,qpsk,16.800000000000665,100.0,0.0,0.4999545275883354,0.5820818841457367,0.21847926918718816,0.1
Doppler_AWGN,qpsk,16.900000000000666,100.0,0.0,0.49995240279780034,0.6776319891214371,0.25606166000242103,0.1
Doppler_AWGN,qpsk,17.000000000000668,100.0,0.0,0.5000451022199889,0.5878724381327629,0.2061986063381786,0.1
Doppler_AWGN,qpsk,17.10000000000067,100.0,0.0,0.4999510371205049,0.6756583154201508,0.22906446878306963,0.1
Doppler_AWGN,qpsk,17.20000000000067,100.0,0.0,0.5000223026643638,0.7113751024007797,0.23863035096129637,0.1
Doppler_AWGN,qpsk,17.300000000000672,100.0,0.0,0.5002149936734728,0.720903679728508,0.31534467676909156,0.1
Doppler_AWGN,qpsk,17.400000000000674,100.0,0.0,0.500020526027661,0.6405220180749893,0.20180678701196042,0.1
Doppler_AWGN,qpsk,17.500000000000675,100.0,0.0,0.4999329944697994,0.7005901038646698,0.25229048601074616,0.1
Doppler_AWGN,qpsk,17.600000000000676,100.0,0.0,0.4999810833785953,0.6654291599988937,0.20710990831661874,0.1
Doppler_AWGN,qpsk,17.700000000000678,100.0,0.0,0.5000572135243703,0.6203871518373489,0.1985674708313961,0.1
Doppler_AWGN,qpsk,17.80000000000068,100.0,0.0,0.5001334098897573,0.694131463766098,0.21089522830009488,0.1
Doppler_AWGN,qpsk,17.90000000000068,100.0,0.0,0.4999655939065054,0.6145247220993042,0.2866365215220901,0.1
Doppler_AWGN,qpsk,18.000000000000682,100.0,0.0,0.5000427956312378,0.6110735833644867,0.2165151824085273,0.1
Doppler_AWGN,qpsk,18.100000000000684,100.0,0.0,0.5000338617424076,0.7094749212265015,0.2562577939087556,0.1
Doppler_AWGN,qpsk,18.200000000000685,100.0,0.0,0.500009703979159,0.6069042831659317,0.2055357607628856,0.1
Doppler_AWGN,qpsk,18.300000000000686,100.0,0.0,0.5000375474939727,0.6288635283708572,0.21534751780220054,0.1
Doppler_AWGN,qpsk,18.400000000000688,100.0,0.0,0.5000028639842581,0.6365896314382553,0.21221634738169085,0.1
Doppler_AWGN,qpsk,18.50000000000069,100.0,0.0,0.5000594315439646,0.645893007516861,0.2134717291268877,0.1
Doppler_AWGN,qpsk,18.60000000000069,100.0,0.0,0.5000017927917633,0.6666169762611389,0.2511657024450736,0.1
Doppler_AWGN,qpsk,18.700000000000692,100.0,0.0,0.4999888600579648,0.6977778077125549,0.21414820302965784,0.1
Doppler_AWGN,qpsk,18.800000000000693,100.0,0.0,0.49999755969420967,0.6821685582399368,0.2798305212994211,0.1
Doppler_AWGN,qpsk,18.900000000000695,100.0,0.0,0.5000299325186481,0.6440571993589401,0.222786085756735,0.1
Doppler_AWGN,qpsk,19.000000000000696,100.0,0.0,0.49997154564861707,0.6241109073162079,0.2521727514282576,0.1
Doppler_AWGN,qpsk,19.100000000000698,100.0,0.0,0.5000282832442952,0.615155503153801,0.20350714937151881,0.1
Doppler_AWGN,qpsk,19.2000000000007,100.0,0.0,0.49990187515883444,0.6578123569488525,0.231779491373399,0.1
Doppler_AWGN,qpsk,19.3000000000007,100.0,0.0,0.4999871414658145,0.643865317106247,0.2365947311465286,0.1
Doppler_AWGN,qpsk,19.400000000000702,100.0,0.0,0.500045819674233,0.5509201362729073,0.20131329691612546,0.1
Doppler_AWGN,qpsk,19.500000000000703,100.0,0.0,0.49995330611546057,0.644258439540863,0.24784082675554078,0.1
Doppler_AWGN,qpsk,19.600000000000705,100.0,0.0,0.5000029312300421,0.6903419494628906,0.214334886011336,0.1
Doppler_AWGN,qpsk,19.700000000000706,100.0,0.0,0.5000455994431726,0.6278029680252075,0.19403304840672436,0.1
Doppler_AWGN,qpsk,19.800000000000708,100.0,0.0,0.4999738705171457,0.6206313520669937,0.21332228713024173,0.1
Doppler_AWGN,qpsk,19.90000000000071,100.0,0.0,0.500020428290152,0.5983590111136436,0.20317721001404862,0.1
Doppler_AWGN,qpsk,20.00000000000071,100.0,0.0,0.49994700058666336,0.6540363281965256,0.22456570088373506,0.1
Doppler_AWGN,qpsk,20.100000000000712,100.0,0.0,0.49999969573884834,0.6720781922340393,0.2665136172993185,0.11000000000000001
Doppler_AWGN,qpsk,20.200000000000713,100.0,0.0,0.4999915587223976,0.6728293150663376,0.26551004995978233,0.11000000000000001
Doppler_AWGN,qpsk,20.300000000000715,100.0,0.0,0.4999882015877159,0.6664157211780548,0.24852229507576154,0.11000000000000001
Doppler_AWGN,qpsk,20.400000000000716,100.0,0.0,0.49995882269999425,0.6279336661100388,0.2130422332362422,0.11000000000000001
Doppler_AWGN,qpsk,20.500000000000718,100.0,0.0,0.5000335305997449,0.6889650821685791,0.235117602970861,0.11000000000000001
Doppler_AWGN,qpsk,20.60000000000072,100.0,0.0,0.5000066571203794,0.6583224087953568,0.2087073546550636,0.11000000000000001
Doppler_AWGN,qpsk,20.70000000000072,100.0,0.0,0.5000188155680394,0.6466258466243744,0.23703840282685476,0.11000000000000001
Doppler_AWGN,qpsk,20.800000000000722,100.0,0.0,0.5000046501328461,0.6704442799091339,0.2673024585271214,0.11000000000000001
Doppler_AWGN,qpsk,20.900000000000723,100.0,0.0,0.4999373934441059,0.6980933398008347,0.24491765558902925,0.11000000000000001
Doppler_AWGN,qpsk,21.000000000000725,100.0,0.0,0.49994393861383096,0.66606105864048,0.2914850654067302,0.11000000000000001
Doppler_AWGN,qpsk,21.100000000000726,100.0,0.0,0.5000041902786393,0.6213280186057091,0.22384353781088406,0.11000000000000001
Doppler_AWGN,qpsk,21.200000000000728,100.0,0.0,0.500019344994691,0.6660992354154587,0.2638869242266085,0.11000000000000001
Doppler_AWGN,qpsk,21.30000000000073,100.0,0.0,0.5000202514243823,0.6077788174152374,0.20084580837939298,0.11000000000000001
Doppler_AWGN,qpsk,21.40000000000073,100.0,0.0,0.5000204896655966,0.6795261353254318,0.2686314741588368,0.11000000000000001
Doppler_AWGN,qpsk,21.500000000000732,100.0,0.0,0.5000133113260502,0.6819702386856079,0.2783500023871894,0.11000000000000001
Doppler_AWGN,qpsk,21.600000000000733,100.0,0.0,0.499984052958907,0.6714247018098831,0.2730371402070536,0.11000000000000001
Doppler_AWGN,qpsk,21.700000000000735,100.0,0.0,0.500026099275695,0.6200984492897987,0.2355329795612014,0.11000000000000001
Doppler_AWGN,qpsk,21.800000000000736,100.0,0.0,0.4999802133241963,0.6688153147697449,0.23438975344435956,0.11000000000000001
Doppler_AWGN,qpsk,21.900000000000738,100.0,0.0,0.500011654407319,0.6168614476919174,0.22979232182042683,0.11000000000000001
Doppler_AWGN,qpsk,22.00000000000074,100.0,0.0,0.49996026170728974,0.66534423828125,0.2473736925911085,0.11000000000000001
Doppler_AWGN,qpsk,22.10000000000074,100.0,0.0,0.49998274361388756,0.6832729876041412,0.2492223733299195,0.11000000000000001
Doppler_AWGN,qpsk,22.200000000000742,100.0,0.0,0.500009784176649,0.6201569065451622,0.24699501567695742,0.11000000000000001
Doppler_AWGN,qpsk,22.300000000000743,100.0,0.0,0.4999245670499355,0.6164426505565643,0.21298143008154363,0.11000000000000001
Doppler_AWGN,qpsk,22.400000000000745,100.0,0.0,0.5000013450670866,0.6140861138701439,0.2563079381024916,0.11000000000000001
Doppler_AWGN,qpsk,22.500000000000746,100.0,0.0,0.5000288276743461,0.6607633680105209,0.19764323097477032,0.11000000000000001
Doppler_AWGN,qpsk,22.600000000000747,100.0,0.0,0.4999908112521021,0.7045540511608124,0.31314673849815444,0.11000000000000001
Doppler_AWGN,qpsk,22.70000000000075,100.0,0.0,0.4999968948540146,0.6881351172924042,0.3024729235286984,0.11000000000000001
Doppler_AWGN,qpsk,22.80000000000075,100.0,0.0,0.500023694679608,0.6630198657512665,0.2891107334235988,0.11000000000000001
Doppler_AWGN,qpsk,22.90000000000075,100.0,0.0,0.5000167511357083,0.6666721701622009,0.2774164656351889,0.11000000000000001
Doppler_AWGN,qpsk,23.000000000000753,100.0,0.0,0.4999926420172972,0.649907797574997,0.25850604648613873,0.11000000000000001
Doppler_AWGN,qpsk,23.100000000000755,100.0,0.0,0.5000059137084498,0.6942011415958405,0.2667448824731256,0.11000000000000001
Doppler_AWGN,qpsk,23.200000000000756,100.0,0.0,0.49993996792891277,0.6676840484142303,0.2583791600349141,0.11000000000000001
Doppler_AWGN,qpsk,23.300000000000757,100.0,0.0,0.4999967178447422,0.6213840544223785,0.21291263245278133,0.11000000000000001
Doppler_AWGN,qpsk,23.40000000000076,100.0,0.0,0.499993930225051,0.6869296729564667,0.25765441588572796,0.11000000000000001
Doppler_AWGN,qpsk,23.50000000000076,100.0,0.0,0.5000022837377189,0.6158408522605896,0.295934958109826,0.11000000000000001
Doppler_AWGN,qpsk,23.60000000000076,100.0,0.0,0.49995089763376105,0.6556129306554794,0.24360731850111128,0.11000000000000001
Doppler_AWGN,qpsk,23.700000000000763,100.0,0.0,0.5000012935248423,0.7041743099689484,0.2965785239135734,0.11000000000000001
Doppler_AWGN,qpsk,23.800000000000765,100.0,0.0,0.4999792756228159,0.6226848885416985,0.223789132877126,0.11000000000000001
Doppler_AWGN,qpsk,23.900000000000766,100.0,0.0,0.4999479967921936,0.6853825002908707,0.22385889548818427,0.11000000000000001
Doppler_AWGN,qpsk,24.000000000000767,100.0,0.0,0.5000183061932936,0.6637046933174133,0.24199693592866747,0.11000000000000001
Doppler_AWGN,qpsk,24.10000000000077,100.0,0.0,0.49997622758170635,0.6132614612579346,0.2106182212920936,0.11000000000000001
Doppler_AWGN,qpsk,24.20000000000077,100.0,0.0,0.49998782090996063,0.6562467217445374,0.2546993969958273,0.11000000000000001
Doppler_AWGN,qpsk,24.30000000000077,100.0,0.0,0.49996295320735884,0.6532350331544876,0.26737049983432043,0.11000000000000001
Doppler_AWGN,qpsk,24.400000000000773,100.0,0.0,0.49998908772434386,0.6668250262737274,0.26548428074768743,0.11000000000000001
Doppler_AWGN,qpsk,24.500000000000774,100.0,0.0,0.49994199218677865,0.7053509056568146,0.25328088227932194,0.11000000000000001
Doppler_AWGN,qpsk,24.600000000000776,100.0,0.0,0.4999929851048627,0.6246925443410873,0.2452649441601046,0.11000000000000001
Doppler_AWGN,qpsk,24.700000000000777,100.0,0.0,0.5000034113017683,0.6632293611764908,0.25726771754097394,0.11000000000000001
Doppler_AWGN,qpsk,24.80000000000078,100.0,0.0,0.5000097533245464,0.6148526668548584,0.2053907843813853,0.11000000000000001
Doppler_AWGN,qpsk,24.90000000000078,100.0,0.0,0.5000176290162599,0.6148543953895569,0.22966649499673322,0.11000000000000001
Doppler_AWGN,qpsk,25.00000000000078,100.0,0.0,0.49999023651077124,0.6290115118026733,0.23954347411165453,0.11000000000000001
Doppler_AWGN,qpsk,25.100000000000783,100.0,0.0,0.4999917827968247,0.6216986626386642,0.22621775016360074,0.11000000000000001
Doppler_AWGN,qpsk,25.200000000000784,100.0,0.0,0.5000053691939635,0.6012523248791695,0.1945273559006995,0.11000000000000001
Doppler_AWGN,qpsk,25.300000000000786,100.0,0.0,0.5000175984744835,0.680714339017868,0.2808639058937295,0.11000000000000001
Doppler_AWGN,qpsk,25.400000000000787,100.0,0.0,0.49999378929237676,0.6737617254257202,0.260582621730679,0.11000000000000001
Doppler_AWGN,qpsk,25.50000000000079,100.0,0.0,0.49998308429756216,0.7509090304374695,0.27944250262375137,0.11000000000000001
Doppler_AWGN,qpsk,25.60000000000079,100.0,0.0,0.5000393085482606,0.7163789719343185,0.29433094968216617,0.11000000000000001
Doppler_AWGN,qpsk,25.70000000000079,100.0,0.0,0.4999822913449527,0.6862972676753998,0.2517467831644318,0.11000000000000001
Doppler_AWGN,qpsk,25.800000000000793,100.0,0.0,0.5000089938598258,0.6557322293519974,0.214685510505456,0.11000000000000001
Doppler_AWGN,qpsk,25.900000000000794,100.0,0.0,0.49996798563771355,0.6746297776699066,0.26764274927732096,0.11000000000000001
Doppler_AWGN,qpsk,26.000000000000796,100.0,0.0,0.5000121886233555,0.6164493337273598,0.23117705999181454,0.11000000000000001
Doppler_AWGN,qpsk,26.100000000000797,100.0,0.0,0.5000216558427275,0.6782945990562439,0.2683880452430813,0.11000000000000001
Doppler_AWGN,qpsk,26.2000000000008,100.0,0.0,0.49998741350542053,0.6931153535842896,0.26217274482047337,0.11000000000000001
Doppler_AWGN,qpsk,26.3000000000008,100.0,0.0,0.50002521614461,0.646194189786911,0.25904361871893905,0.11000000000000001
Doppler_AWGN,qpsk,26.4000000000008,100.0,0.0,0.5000373611805882,0.6818592250347137,0.23380843101010043,0.11000000000000001
Doppler_AWGN,qpsk,26.500000000000803,100.0,0.0,0.5000277452560066,0.6292746365070343,0.21134828741766684,0.11000000000000001
Doppler_AWGN,qpsk,26.600000000000804,100.0,0.0,0.5000080199902752,0.6419031172990799,0.24802281828766898,0.11000000000000001
Doppler_AWGN,qpsk,26.700000000000806,100.0,0.0,0.5000069452752599,0.6312440037727356,0.23025303858863605,0.11000000000000001
Doppler_AWGN,qpsk,26.800000000000807,100.0,0.0,0.500022089704724,0.7311883568763733,0.2762276389334659,0.11000000000000001
Doppler_AWGN,qpsk,26.90000000000081,100.0,0.0,0.5000317876184063,0.6626694649457932,0.31984487079462726,0.11000000000000001
Doppler_AWGN,qpsk,27.00000000000081,100.0,0.0,0.5000074223436234,0.6717914789915085,0.24705344396081377,0.11000000000000001
Doppler_AWGN,qpsk,27.10000000000081,100.0,0.0,0.5000108780588534,0.6986234486103058,0.26605306192206213,0.11000000000000001
Doppler_AWGN,qpsk,27.200000000000813,100.0,0.0,0.5000002949432661,0.6690120100975037,0.2352921208301136,0.11000000000000001
Doppler_AWGN,qpsk,27.300000000000814,100.0,0.0,0.4999866160442116,0.694094181060791,0.2749631250649024,0.11000000000000001
Doppler_AWGN,qpsk,27.400000000000816,100.0,0.0,0.5000018676980412,0.5839133784174919,0.22981811024442336,0.11000000000000001
Doppler_AWGN,qpsk,27.500000000000817,100.0,0.0,0.5000073366160173,0.6746746301651001,0.2809642049295605,0.11000000000000001
Doppler_AWGN,qpsk,27.60000000000082,100.0,0.0,0.5000023712502609,0.6849828213453293,0.22800346198813554,0.11000000000000001
Doppler_AWGN,qpsk,27.70000000000082,100.0,0.0,0.4999665884263025,0.6593327820301056,0.21689643260171995,0.11000000000000001
Doppler_AWGN,qpsk,27.80000000000082,100.0,0.0,0.4999992026375444,0.5692614912986755,0.19606259483402083,0.11000000000000001
Doppler_AWGN,qpsk,27.900000000000823,100.0,0.0,0.5000078496898147,0.5854837223887444,0.22172898394656315,0.11000000000000001
Doppler_AWGN,qpsk,28.000000000000824,100.0,0.0,0.500024179380707,0.7342237681150436,0.2949022391874594,0.11000000000000001
Doppler_AWGN,qpsk,28.100000000000826,100.0,0.0,0.4999758246504093,0.611830085515976,0.22861567404493224,0.11000000000000001
Doppler_AWGN,qpsk,28.200000000000827,100.0,0.0,0.5000651198672964,0.6332056671380997,0.23660365334313568,0.11000000000000001
Doppler_AWGN,qpsk,28.30000000000083,100.0,0.0,0.4999834943714789,0.6994512677192688,0.28785641164904,0.11000000000000001
Doppler_AWGN,qpsk,28.40000000000083,100.0,0.0,0.4999905287173284,0.6349218040704727,0.23522838422339978,0.11000000000000001
Doppler_AWGN,qpsk,28.50000000000083,100.0,0.0,0.499981911633755,0.5948122590780258,0.24954370634919337,0.11000000000000001
Doppler_AWGN,qpsk,28.600000000000833,100.0,0.0,0.499988463690628,0.6287065744400024,0.25787067784538836,0.11000000000000001
Doppler_AWGN,qpsk,28.700000000000834,100.0,0.0,0.49998698361542554,0.6505662053823471,0.2290879396527433,0.11000000000000001
Doppler_AWGN,qpsk,28.800000000000836,100.0,0.0,0.5000109946482926,0.682491734623909,0.2659709050934323,0.11000000000000001
Doppler_AWGN,qpsk,28.900000000000837,100.0,0.0,0.4999999328846908,0.6349627524614334,0.24162036335806905,0.11000000000000001
Doppler_AWGN,qpsk,29.00000000000084,100.0,0.0,0.5000324231199459,0.6586877703666687,0.24091682725956523,0.11000000000000001
Doppler_AWGN,qpsk,29.10000000000084,100.0,0.0,0.49999045298697115,0.708184078335762,0.28277833230624805,0.11000000000000001
Doppler_AWGN,qpsk,29.20000000000084,100.0,0.0,0.49999883748481816,0.6594823896884918,0.2440295831468436,0.11000000000000001
Doppler_AWGN,qpsk,29.300000000000843,100.0,0.0,0.5000048530353688,0.6642632633447647,0.23018899682502708,0.11000000000000001
Doppler_AWGN,qpsk,29.400000000000844,100.0,0.0,0.5000026403495723,0.6589148342609406,0.2610930026049112,0.11000000000000001
Doppler_AWGN,qpsk,29.500000000000846,100.0,0.0,0.49996917489762716,0.6821537017822266,0.24001518149118264,0.11000000000000001
Doppler_AWGN,qpsk,29.600000000000847,100.0,0.0,0.5000229186188103,0.6164066046476364,0.30022872731216044,0.11000000000000001
Doppler_AWGN,qpsk,29.70000000000085,100.0,0.0,0.49999213873032566,0.628219410777092,0.24069431491695356,0.11000000000000001
Doppler_AWGN,qpsk,29.80000000000085,100.0,0.0,0.4999782352140657,0.6284332871437073,0.24209727217515,0.11000000000000001
Doppler_AWGN,qpsk,29.90000000000085,100.0,0.0,0.4999920123036322,0.6696282178163528,0.25428420586143385,0.11000000000000001
